{"assets/png/AboutUs.png":["assets/png/AboutUs.png"],"assets/png/ContactUs.png":["assets/png/ContactUs.png"],"assets/png/Divider.png":["assets/png/Divider.png"],"assets/png/Favorite.png":["assets/png/Favorite.png"],"assets/png/Languages.png":["assets/png/Languages.png"],"assets/png/Notifications.png":["assets/png/Notifications.png"],"assets/png/PrivacyPolicy.png":["assets/png/PrivacyPolicy.png"],"assets/png/back.png":["assets/png/back.png"],"assets/png/back1.png":["assets/png/back1.png"],"assets/png/business.png":["assets/png/business.png"],"assets/png/close.png":["assets/png/close.png"],"assets/png/food.png":["assets/png/food.png"],"assets/png/heart.png":["assets/png/heart.png"],"assets/png/image1.png":["assets/png/image1.png"],"assets/png/intro.png":["assets/png/intro.png"],"assets/png/like.png":["assets/png/like.png"],"assets/png/medicine.png":["assets/png/medicine.png"],"assets/png/news.png":["assets/png/news.png"],"assets/png/next.png":["assets/png/next.png"],"assets/png/setting.png":["assets/png/setting.png"],"assets/png/splash_screen_image.png":["assets/png/splash_screen_image.png"],"assets/png/splash_screens.png":["assets/png/splash_screens.png"],"assets/png/sports.png":["assets/png/sports.png"],"assets/png/startButton.png":["assets/png/startButton.png"],"assets/png/technology.png":["assets/png/technology.png"],"packages/cupertino_icons/assets/CupertinoIcons.ttf":["packages/cupertino_icons/assets/CupertinoIcons.ttf"],"packages/fluttertoast/assets/toastify.css":["packages/fluttertoast/assets/toastify.css"],"packages/fluttertoast/assets/toastify.js":["packages/fluttertoast/assets/toastify.js"]}